task,ref,name,metric,ref_mean,mean,delta,n_ref,n,welch_p,paired_p,cohen_d
heldout,Learned-Ctx MPC,Learned MPC (no context),peak_disp,0.891602768016415,0.9015666904967088,-0.009963922480293763,5,5,0.572726584106731,0.3297876414651488,-0.3760021290373392
heldout,Learned-Ctx MPC,Pendulum MPC,peak_disp,0.891602768016415,0.800220159602663,0.09138260841375201,5,5,3.43620995776533e-05,0.001570270147716929,5.523673743765623
heldout,Learned-Ctx MPC,Spring-mass MPC,peak_disp,0.891602768016415,0.9199743037498689,-0.028371535733453856,5,5,0.03179343752157396,0.09145390863771147,-1.6515996114873095
heldout,Learned-Ctx MPC,Two-mode spring-mass MPC,peak_disp,0.891602768016415,0.9609077078346786,-0.06930493981826358,5,5,0.0005763793513222375,0.00623669116359051,-3.502925986566353
heldout,Learned-Ctx MPC,ZV input shaping,peak_disp,0.891602768016415,1.2528906424608786,-0.36128787444446353,5,5,2.7809920010055863e-09,5.3475090706376525e-06,-18.259857226522488
heldout_push,Learned-Ctx MPC,Learned MPC (no context),peak_disp,0.9148210978759366,0.9221959636422795,-0.007374865766342942,5,5,0.5812998197813098,0.4433404637386029,-0.3704017997596468
heldout_push,Learned-Ctx MPC,Pendulum MPC,peak_disp,0.9148210978759366,0.8119757294254416,0.10284536845049497,5,5,2.098138553861427e-06,0.00013290802436821447,8.010614852185578
heldout_push,Learned-Ctx MPC,Spring-mass MPC,peak_disp,0.9148210978759366,0.93216927255375,-0.017348174677813466,5,5,0.10668072787232723,0.12081508522761816,-1.1738056518220665
heldout_push,Learned-Ctx MPC,Two-mode spring-mass MPC,peak_disp,0.9148210978759366,0.9719697249852015,-0.05714862710926494,5,5,0.004043004314111772,0.005844481892029975,-2.959928916209124
heldout_push,Learned-Ctx MPC,ZV input shaping,peak_disp,0.9148210978759366,1.2756922823698609,-0.3608711844939243,5,5,3.8561013502600824e-07,1.5336679592134542e-06,-17.908808773845095
lin1,Learned-Ctx MPC,Learned MPC (no context),peak_disp,0.9287346552345113,0.9332655533128686,-0.0045308980783573816,5,5,0.4446748122689766,0.5551878950621957,-0.5123605806939828
lin1,Learned-Ctx MPC,Pendulum MPC,peak_disp,0.9287346552345113,0.8982624915479182,0.030472163686593112,5,5,0.00015685001630984965,0.0008705820113360569,5.646830892700319
lin1,Learned-Ctx MPC,Spring-mass MPC,peak_disp,0.9287346552345113,0.943950461428502,-0.015215806193990766,5,5,0.0047000046431279995,0.017021214601135624,-2.585419916945442
lin1,Learned-Ctx MPC,Two-mode spring-mass MPC,peak_disp,0.9287346552345113,0.9439432636458918,-0.015208608411380498,5,5,0.00689496834919185,0.006556928315994183,-3.031254268946506
lin1,Learned-Ctx MPC,ZV input shaping,peak_disp,0.9287346552345113,0.9492339471487942,-0.020499291914282902,5,5,0.0027069259097331822,0.002650704492355046,-4.18312299667364
nominal,Learned-Ctx MPC,Learned MPC (no context),peak_disp,0.8871528774735108,0.9039297074644128,-0.01677682999090202,5,5,0.18644963892069136,0.09466959381920015,-0.9340496254301331
nominal,Learned-Ctx MPC,Pendulum MPC,peak_disp,0.8871528774735108,0.7986192218010076,0.08853365567250315,5,5,3.306997478909144e-06,0.00046879722944786085,7.58155148898389
nominal,Learned-Ctx MPC,Spring-mass MPC,peak_disp,0.8871528774735108,0.9248167520848657,-0.0376638746113549,5,5,0.0011346043993525343,0.01684170318668133,-3.1823589648138397
nominal,Learned-Ctx MPC,Two-mode spring-mass MPC,peak_disp,0.8871528774735108,0.9036271345234057,-0.016474257049894914,5,5,0.044936944550794715,0.05302976982985894,-1.5958611907508102
nominal,Learned-Ctx MPC,ZV input shaping,peak_disp,0.8871528774735108,0.9747891262071603,-0.0876362487336495,5,5,9.975572159164879e-06,0.00040721132436683205,-8.473192236798846
