group,task,kind,name,metric,n,mean,std,ci_lo,ci_hi,min,max
main,nominal,method,Learned-Ctx MPC,pred_rmse_1,5,0.029882224123804885,0.0011823015117262438,0.02885778194892702,0.030740136370920206,0.0281379610111926,0.031117677588780004
main,nominal,method,Learned-Ctx MPC,pred_rmse_20,5,0.06335680805737176,0.003682146295890262,0.060633148087136136,0.06608046802760739,0.059499687379801464,0.06822422060026612
main,nominal,method,Learned-Ctx MPC,transport_time_s,5,1.99332,0.009953491849597216,1.9861200000000003,2.0010000000000003,1.9842000000000002,2.0082
main,nominal,method,Learned-Ctx MPC,spill_rate,5,0.0,0.0,0.0,0.0,0.0,0.0
main,nominal,method,Learned-Ctx MPC,peak_disp,5,0.8871528774735108,0.01294660807871435,0.8759825762841148,0.8949609500452999,0.864941833109472,0.8963984528817395
main,nominal,method,Learned-Ctx MPC,arrive_rate,5,1.0,0.0,1.0,1.0,1.0,1.0
main,nominal,method,Learned-Ctx MPC,penalised_time_s,5,1.99332,0.009953491849597216,1.9861200000000003,2.0010000000000003,1.9842000000000002,2.0082
main,nominal,method,Learned-Ctx MPC,solve_ms,5,57.46274767972699,0.8206223459886377,56.84683531649749,58.15240647220476,56.45966671026227,58.68241782300174
main,nominal,baseline,Learned MPC (no context),pred_rmse_1,5,0.03411394431440594,0.0014255444628059632,0.032840679920159675,0.0349346243117522,0.03162039699914767,0.03503466791442962
main,nominal,baseline,Learned MPC (no context),pred_rmse_20,5,0.0919579871139097,0.0034565483513025333,0.08938427909973364,0.09477485872078273,0.08766949991113801,0.09641167190919897
main,nominal,baseline,Learned MPC (no context),transport_time_s,5,1.9866,0.017631222305898243,1.97376,2.00076,1.9626,2.0076
main,nominal,baseline,Learned MPC (no context),spill_rate,5,0.0,0.0,0.0,0.0,0.0,0.0
main,nominal,baseline,Learned MPC (no context),peak_disp,5,0.9039297074644128,0.02185425429194047,0.8876619545583532,0.9201928629484607,0.8812332973888602,0.9305317099753186
main,nominal,baseline,Learned MPC (no context),arrive_rate,5,1.0,0.0,1.0,1.0,1.0,1.0
main,nominal,baseline,Learned MPC (no context),penalised_time_s,5,1.9866,0.017631222305898243,1.97376,2.00076,1.9626,2.0076
main,nominal,baseline,Learned MPC (no context),solve_ms,5,56.24276773559607,0.7864796430300132,55.56064993100749,56.80906501005997,55.056129961105235,57.04769199417735
main,nominal,baseline,Pendulum MPC,pred_rmse_1,5,0.06561256779060542,0.0020944729595409653,0.06384075308596229,0.06714707511368599,0.06284174198501795,0.06798604615456913
main,nominal,baseline,Pendulum MPC,pred_rmse_20,5,0.13540302068569882,0.004985810918353245,0.131646203113245,0.1390937899389098,0.1291465813334506,0.14226964684388124
main,nominal,baseline,Pendulum MPC,transport_time_s,5,2.14716,0.01176979184182963,2.1378,2.1559199999999996,2.1323999999999996,2.1611999999999996
main,nominal,baseline,Pendulum MPC,spill_rate,5,0.0,0.0,0.0,0.0,0.0,0.0
main,nominal,baseline,Pendulum MPC,peak_disp,5,0.7986192218010076,0.010252506762263405,0.7903213501024013,0.8061301332588057,0.7848127500471527,0.8075399306489173
main,nominal,baseline,Pendulum MPC,arrive_rate,5,1.0,0.0,1.0,1.0,1.0,1.0
main,nominal,baseline,Pendulum MPC,penalised_time_s,5,2.14716,0.01176979184182963,2.1378,2.1559199999999996,2.1323999999999996,2.1611999999999996
main,nominal,baseline,Pendulum MPC,solve_ms,5,22.796181489459492,0.06676058154335143,22.743113589557733,22.843370733951986,22.696527214297518,22.876663242509082
main,nominal,baseline,Spring-mass MPC,pred_rmse_1,5,0.06571823203682682,0.002096480190976388,0.06395252233989172,0.06726180158088194,0.0629447693681853,0.0680821881829025
main,nominal,baseline,Spring-mass MPC,pred_rmse_20,5,0.13611114654851514,0.005066796696730252,0.13225908244353454,0.1398553376962312,0.12975278609301005,0.14306031998475563
main,nominal,baseline,Spring-mass MPC,transport_time_s,5,2.0406,0.01448102206337656,2.0292000000000003,2.052,2.0262000000000002,2.0585999999999998
main,nominal,baseline,Spring-mass MPC,spill_rate,5,0.0,0.0,0.0,0.0,0.0,0.0
main,nominal,baseline,Spring-mass MPC,peak_disp,5,0.9248167520848657,0.010607994709047955,0.9167264012108933,0.9330077660637863,0.9097436616844129,0.9370383783894402
main,nominal,baseline,Spring-mass MPC,arrive_rate,5,1.0,0.0,1.0,1.0,1.0,1.0
main,nominal,baseline,Spring-mass MPC,penalised_time_s,5,2.0406,0.01448102206337656,2.0292000000000003,2.052,2.0262000000000002,2.0585999999999998
main,nominal,baseline,Spring-mass MPC,solve_ms,5,9.6847334980372,0.054260792660878146,9.644440261774102,9.725484032903545,9.624156470156528,9.74632922284813
main,nominal,baseline,Two-mode spring-mass MPC,pred_rmse_1,5,0.060478549213868915,0.0025913814712814624,0.05838688919624683,0.06240408850871344,0.057287075445340604,0.06308495402652427
main,nominal,baseline,Two-mode spring-mass MPC,pred_rmse_20,5,0.09424736385156288,0.0072753652679476985,0.08908794696814629,0.10013216319829374,0.08662310360007741,0.10578996674347067
main,nominal,baseline,Two-mode spring-mass MPC,transport_time_s,5,1.9649999999999999,0.006586349520030012,1.9598400000000002,1.97016,1.9584000000000001,1.9734
main,nominal,baseline,Two-mode spring-mass MPC,spill_rate,5,0.0,0.0,0.0,0.0,0.0,0.0
main,nominal,baseline,Two-mode spring-mass MPC,peak_disp,5,0.9036271345234057,0.006746755209247541,0.8982717433768601,0.9093375041304451,0.8948381885533132,0.9137336847163684
main,nominal,baseline,Two-mode spring-mass MPC,arrive_rate,5,1.0,0.0,1.0,1.0,1.0,1.0
main,nominal,baseline,Two-mode spring-mass MPC,penalised_time_s,5,1.9649999999999999,0.006586349520030012,1.9598400000000002,1.97016,1.9584000000000001,1.9734
main,nominal,baseline,Two-mode spring-mass MPC,solve_ms,5,10.761114434677769,0.10065284382963492,10.698871913747016,10.851275068919428,10.688437802971087,10.933567801575093
main,nominal,baseline,ZV input shaping,transport_time_s,5,1.89,0.0,1.89,1.89,1.89,1.89
main,nominal,baseline,ZV input shaping,spill_rate,5,0.0,0.0,0.0,0.0,0.0,0.0
main,nominal,baseline,ZV input shaping,peak_disp,5,0.9747891262071603,0.006806686169265899,0.9690473118050275,0.9796184371628671,0.9652635881962768,0.9796188555610692
main,nominal,baseline,ZV input shaping,arrive_rate,5,1.0,0.0,1.0,1.0,1.0,1.0
main,nominal,baseline,ZV input shaping,penalised_time_s,5,1.89,0.0,1.89,1.89,1.89,1.89
main,nominal,baseline,ZV input shaping,solve_ms,5,0.006313049446114086,7.696417865892507e-05,0.006258799906142733,0.006376911716705019,0.006227270403707569,0.0064329815689813
main,heldout,method,Learned-Ctx MPC,pred_rmse_1,5,0.053655757835244566,0.005416747394035691,0.04961933256951609,0.057929613743766054,0.04643439449466443,0.06120655100968
main,heldout,method,Learned-Ctx MPC,pred_rmse_20,5,0.17558506152001194,0.012241116459913656,0.16596831905237394,0.1850352780153983,0.1638361327905251,0.1890214250037717
main,heldout,method,Learned-Ctx MPC,transport_time_s,5,1.9959600000000002,0.008565512243876774,1.9895999999999998,2.00232,1.9848000000000001,2.0052000000000003
main,heldout,method,Learned-Ctx MPC,spill_rate,5,0.024,0.01673320053068151,0.012,0.036000000000000004,0.0,0.04
main,heldout,method,Learned-Ctx MPC,peak_disp,5,0.891602768016415,0.01855936969454419,0.8762394490423148,0.905712461479516,0.8662184932565218,0.9153401806518572
main,heldout,method,Learned-Ctx MPC,arrive_rate,5,1.0,0.0,1.0,1.0,1.0,1.0
main,heldout,method,Learned-Ctx MPC,penalised_time_s,5,2.02608,0.021746999793074824,2.0094,2.04324,2.0052000000000003,2.0544
main,heldout,method,Learned-Ctx MPC,solve_ms,5,57.98043167260899,0.7722159518500298,57.39674803610383,58.56411530911415,57.124303049534895,58.89697767772966
main,heldout,baseline,Learned MPC (no context),pred_rmse_1,5,0.06548962125870626,0.006612440100414441,0.060737652026640644,0.07067650182482665,0.05740718255132483,0.07538489471204465
main,heldout,baseline,Learned MPC (no context),pred_rmse_20,5,0.3161379091112082,0.01314905054749112,0.30803776301670666,0.3279927141493556,0.30576248179784277,0.33862897227200234
main,heldout,baseline,Learned MPC (no context),transport_time_s,5,2.0434799999999997,0.024020241464231765,2.02692,2.06412,2.0238,2.0808
main,heldout,baseline,Learned MPC (no context),spill_rate,5,0.1,0.07071067811865475,0.044,0.156,0.02,0.18
main,heldout,baseline,Learned MPC (no context),peak_disp,5,0.9015666904967088,0.032557826056951504,0.875455883518858,0.9263568640587424,0.8591253842220969,0.9338065794496617
main,heldout,baseline,Learned MPC (no context),arrive_rate,5,1.0,0.0,1.0,1.0,1.0,1.0
main,heldout,baseline,Learned MPC (no context),penalised_time_s,5,2.16468,0.09635129474999264,2.0908800000000003,2.23992,2.0778000000000003,2.2973999999999997
main,heldout,baseline,Learned MPC (no context),solve_ms,5,56.73291229833425,0.44023452819890074,56.394985918675296,57.077703438699245,56.11063671848652,57.24849925185977
main,heldout,baseline,Pendulum MPC,pred_rmse_1,5,0.06944755404916639,0.003558555084313908,0.06745258931247504,0.07251061632626311,0.0670514797907993,0.07568010774483933
main,heldout,baseline,Pendulum MPC,pred_rmse_20,5,0.4731554832065889,0.015454275233975913,0.46479085257837766,0.4868282994468537,0.4629348602364537,0.5004335084032706
main,heldout,baseline,Pendulum MPC,transport_time_s,5,2.1925199999999996,0.008187307249639498,2.1851999999999996,2.19792,2.1792,2.1984
main,heldout,baseline,Pendulum MPC,spill_rate,5,0.0,0.0,0.0,0.0,0.0,0.0
main,heldout,baseline,Pendulum MPC,peak_disp,5,0.800220159602663,0.014245879724406139,0.7902553719683639,0.8127644791667338,0.7853281367459907,0.8235365463959105
main,heldout,baseline,Pendulum MPC,arrive_rate,5,0.992,0.010954451150103331,0.984,1.0,0.98,1.0
main,heldout,baseline,Pendulum MPC,penalised_time_s,5,2.1925199999999996,0.008187307249639498,2.1851999999999996,2.19792,2.1792,2.1984
main,heldout,baseline,Pendulum MPC,solve_ms,5,22.80108281220733,0.021673942896006063,22.786440319085322,22.820000462445684,22.7826185492714,22.83651363210414
main,heldout,baseline,Spring-mass MPC,pred_rmse_1,5,0.06931318418434138,0.0035288775995382217,0.06734201559885294,0.07234635784017629,0.06693328432742161,0.07549565148817423
main,heldout,baseline,Spring-mass MPC,pred_rmse_20,5,0.47033417668296523,0.014437501020412332,0.4622665277358533,0.48307851217041886,0.4604848564018501,0.4956983639898669
main,heldout,baseline,Spring-mass MPC,transport_time_s,5,2.085,0.010191172650877866,2.07672,2.0918400000000004,2.0688,2.0958
main,heldout,baseline,Spring-mass MPC,spill_rate,5,0.10400000000000001,0.06542170893518451,0.055999999999999994,0.15999999999999998,0.02,0.2
main,heldout,baseline,Spring-mass MPC,peak_disp,5,0.9199743037498689,0.015675842633845558,0.9089878796527898,0.9339493937488994,0.9065229253273814,0.9436614897747705
main,heldout,baseline,Spring-mass MPC,arrive_rate,5,0.9960000000000001,0.008944271909999166,0.9879999999999999,1.0,0.98,1.0
main,heldout,baseline,Spring-mass MPC,penalised_time_s,5,2.20812,0.07554212070097033,2.15436,2.2716,2.1210000000000004,2.3213999999999997
main,heldout,baseline,Spring-mass MPC,solve_ms,5,9.788370015607638,0.24723375531498884,9.662503591442311,10.011429681696674,9.652365906037051,10.228324972558767
main,heldout,baseline,Two-mode spring-mass MPC,pred_rmse_1,5,0.07058171149405668,0.0028111254874034768,0.06860430968821167,0.07295432136703013,0.06745576702897103,0.07489235433979675
main,heldout,baseline,Two-mode spring-mass MPC,pred_rmse_20,5,0.46214029702808396,0.013125398727805847,0.4545669559654404,0.47363739540827393,0.45278731451938176,0.4849538056433225
main,heldout,baseline,Two-mode spring-mass MPC,transport_time_s,5,2.0088000000000004,0.014812832274754153,1.99692,2.01924,1.9860000000000002,2.0262000000000002
main,heldout,baseline,Two-mode spring-mass MPC,spill_rate,5,0.22800000000000004,0.10059821071967434,0.164,0.32,0.14,0.4
main,heldout,baseline,Two-mode spring-mass MPC,peak_disp,5,0.9609077078346786,0.02093876933514555,0.9483236334593063,0.9799366504638213,0.9472385721837737,0.9969353384515923
main,heldout,baseline,Two-mode spring-mass MPC,arrive_rate,5,0.9960000000000001,0.008944271909999166,0.9879999999999999,1.0,0.98,1.0
main,heldout,baseline,Two-mode spring-mass MPC,penalised_time_s,5,2.2866,0.12809824354767693,2.2111199999999998,2.40144,2.1768,2.5067999999999997
main,heldout,baseline,Two-mode spring-mass MPC,solve_ms,5,10.923234951386059,0.1941558578347682,10.787948866120793,11.086551479741255,10.755585626148703,11.233314806172116
main,heldout,baseline,ZV input shaping,transport_time_s,5,1.89,0.0,1.89,1.89,1.89,1.89
main,heldout,baseline,ZV input shaping,spill_rate,5,1.0,0.0,1.0,1.0,1.0,1.0
main,heldout,baseline,ZV input shaping,peak_disp,5,1.2528906424608786,0.02094073042710278,1.2376284260999812,1.2700232413067511,1.2278137825115178,1.2852093390142247
main,heldout,baseline,ZV input shaping,arrive_rate,5,1.0,0.0,1.0,1.0,1.0,1.0
main,heldout,baseline,ZV input shaping,penalised_time_s,5,3.3000000000000007,0.0,3.3000000000000007,3.3000000000000007,3.3000000000000007,3.3000000000000007
main,heldout,baseline,ZV input shaping,solve_ms,5,0.006432392719117078,0.0002598674394379428,0.006243755871599371,0.006657168904150074,0.00616170106117021,0.00679352299564264
main,heldout_push,method,Learned-Ctx MPC,pred_rmse_1,5,0.053655757835244566,0.005416747394035691,0.04961933256951609,0.057929613743766054,0.04643439449466443,0.06120655100968
main,heldout_push,method,Learned-Ctx MPC,pred_rmse_20,5,0.17558506152001194,0.012241116459913656,0.16596831905237394,0.1850352780153983,0.1638361327905251,0.1890214250037717
main,heldout_push,method,Learned-Ctx MPC,transport_time_s,5,2.0240400000000003,0.005826491225428931,2.02044,2.0292000000000003,2.0196000000000005,2.0340000000000003
main,heldout_push,method,Learned-Ctx MPC,spill_rate,5,0.12,0.03162277660168379,0.096,0.14400000000000002,0.08,0.16
main,heldout_push,method,Learned-Ctx MPC,peak_disp,5,0.9148210978759366,0.011381016480757592,0.905657202252504,0.923196333904912,0.8996929506209357,0.92851585308146
main,heldout_push,method,Learned-Ctx MPC,arrive_rate,5,1.0,0.0,1.0,1.0,1.0,1.0
main,heldout_push,method,Learned-Ctx MPC,penalised_time_s,5,2.17272,0.0386206162560877,2.1416399999999998,2.20068,2.1198,2.2224
main,heldout_push,method,Learned-Ctx MPC,solve_ms,5,57.64131320344116,0.6860302974530624,57.07679601322691,58.1494539491409,56.62466329522431,58.23807006659494
main,heldout_push,baseline,Learned MPC (no context),pred_rmse_1,5,0.06548962125870626,0.006612440100414441,0.060737652026640644,0.07067650182482665,0.05740718255132483,0.07538489471204465
main,heldout_push,baseline,Learned MPC (no context),pred_rmse_20,5,0.3161379091112082,0.01314905054749112,0.30803776301670666,0.3279927141493556,0.30576248179784277,0.33862897227200234
main,heldout_push,baseline,Learned MPC (no context),transport_time_s,5,2.05656,0.007655586195713568,2.0506800000000003,2.0624399999999996,2.0478,2.0658
main,heldout_push,baseline,Learned MPC (no context),spill_rate,5,0.184,0.09316651759081693,0.11599999999999999,0.264,0.1,0.32
main,heldout_push,baseline,Learned MPC (no context),peak_disp,5,0.9221959636422795,0.025755083799267265,0.9024170561375735,0.9425938592129308,0.8962968933543491,0.9566838021297295
main,heldout_push,baseline,Learned MPC (no context),arrive_rate,5,1.0,0.0,1.0,1.0,1.0,1.0
main,heldout_push,baseline,Learned MPC (no context),penalised_time_s,5,2.2836,0.1126355183767536,2.2002,2.37768,2.1846,2.4486
main,heldout_push,baseline,Learned MPC (no context),solve_ms,5,57.03701060476967,0.6285853965171512,56.519989136140794,57.464239183093675,56.019932535392314,57.59769772835584
main,heldout_push,baseline,Pendulum MPC,pred_rmse_1,5,0.06944755404916639,0.003558555084313908,0.06745258931247504,0.07251061632626311,0.0670514797907993,0.07568010774483933
main,heldout_push,baseline,Pendulum MPC,pred_rmse_20,5,0.4731554832065889,0.015454275233975913,0.46479085257837766,0.4868282994468537,0.4629348602364537,0.5004335084032706
main,heldout_push,baseline,Pendulum MPC,transport_time_s,5,2.2699199999999995,0.03200424971781097,2.24544,2.29323,2.2343999999999995,2.3027999999999995
main,heldout_push,baseline,Pendulum MPC,spill_rate,5,0.008,0.010954451150103323,0.0,0.016,0.0,0.02
main,heldout_push,baseline,Pendulum MPC,peak_disp,5,0.8119757294254416,0.014146858803336895,0.8014091523496889,0.8233642967434507,0.794688437681212,0.8315607493118311
main,heldout_push,baseline,Pendulum MPC,arrive_rate,5,0.976,0.016733200530681527,0.9640000000000001,0.9879999999999999,0.96,1.0
main,heldout_push,baseline,Pendulum MPC,penalised_time_s,5,2.2721999999999998,0.03420000000000019,2.24544,2.2986,2.2343999999999995,2.3034
main,heldout_push,baseline,Pendulum MPC,solve_ms,5,22.783973205368962,0.07068928541216941,22.736781841482628,22.846507286568254,22.720507582099263,22.899918184107676
main,heldout_push,baseline,Spring-mass MPC,pred_rmse_1,5,0.06931318418434138,0.0035288775995382217,0.06734201559885294,0.07234635784017629,0.06693328432742161,0.07549565148817423
main,heldout_push,baseline,Spring-mass MPC,pred_rmse_20,5,0.47033417668296523,0.014437501020412332,0.4622665277358533,0.48307851217041886,0.4604848564018501,0.4956983639898669
main,heldout_push,baseline,Spring-mass MPC,transport_time_s,5,2.16,0.049231087739354064,2.1180000000000003,2.1942,2.0844000000000005,2.2188
main,heldout_push,baseline,Spring-mass MPC,spill_rate,5,0.132,0.09654014708917735,0.076,0.21999999999999997,0.06,0.3
main,heldout_push,baseline,Spring-mass MPC,peak_disp,5,0.93216927255375,0.01753098329788728,0.9207196783373799,0.9473411408652526,0.915731962147718,0.9610494102812477
main,heldout_push,baseline,Spring-mass MPC,arrive_rate,5,0.9719999999999999,0.030331501776206183,0.9440000000000002,0.992,0.92,1.0
main,heldout_push,baseline,Spring-mass MPC,penalised_time_s,5,2.2971600000000003,0.10210988198994235,2.2214400000000003,2.3895599999999995,2.1774,2.4599999999999995
main,heldout_push,baseline,Spring-mass MPC,solve_ms,5,9.688489699566906,0.036010018339026444,9.665996396956455,9.7194103079594,9.656484517141838,9.749106815169482
main,heldout_push,baseline,Two-mode spring-mass MPC,pred_rmse_1,5,0.07058171149405668,0.0028111254874034768,0.06860430968821167,0.07295432136703013,0.06745576702897103,0.07489235433979675
main,heldout_push,baseline,Two-mode spring-mass MPC,pred_rmse_20,5,0.46214029702808396,0.013125398727805847,0.4545669559654404,0.47363739540827393,0.45278731451938176,0.4849538056433225
main,heldout_push,baseline,Two-mode spring-mass MPC,transport_time_s,5,2.02896,0.04087845398250774,1.9978799999999999,2.06184,1.9889999999999999,2.0826000000000002
main,heldout_push,baseline,Two-mode spring-mass MPC,spill_rate,5,0.292,0.1245792920191795,0.21199999999999997,0.396,0.18,0.5
main,heldout_push,baseline,Two-mode spring-mass MPC,peak_disp,5,0.9719697249852015,0.02481987805194401,0.9586013027652397,0.9943316083600532,0.957448452822317,1.0158966589965397
main,heldout_push,baseline,Two-mode spring-mass MPC,arrive_rate,5,0.992,0.010954451150103333,0.984,1.0,0.98,1.0
main,heldout_push,baseline,Two-mode spring-mass MPC,penalised_time_s,5,2.37708,0.16968197311441188,2.26368,2.51688,2.2176,2.6538
main,heldout_push,baseline,Two-mode spring-mass MPC,solve_ms,5,10.87533405241133,0.10848967271186238,10.7824446616525,10.946024655449119,10.69951216076416,10.983839047945697
main,heldout_push,baseline,ZV input shaping,transport_time_s,5,1.89,0.0,1.89,1.89,1.89,1.89
main,heldout_push,baseline,ZV input shaping,spill_rate,5,0.9719999999999999,0.02280350850198278,0.952,0.9879999999999999,0.94,1.0
main,heldout_push,baseline,ZV input shaping,peak_disp,5,1.2756922823698609,0.02612578351008071,1.2563818508796571,1.2974436831548348,1.2459034097701427,1.309467456970367
main,heldout_push,baseline,ZV input shaping,arrive_rate,5,1.0,0.0,1.0,1.0,1.0,1.0
main,heldout_push,baseline,ZV input shaping,penalised_time_s,5,3.2605200000000005,0.0321529469877959,3.2323200000000005,3.283080000000001,3.2154000000000003,3.3000000000000007
main,heldout_push,baseline,ZV input shaping,solve_ms,5,0.006357268430292606,0.00013826090473103848,0.006251119034872814,0.006463417825712399,0.006191655781797387,0.006531458348035812
main,lin1,method,Learned-Ctx MPC,pred_rmse_1,5,0.018917097349946028,0.0006494051832881219,0.01846169462032936,0.019433343865265552,0.01817795479787698,0.01990087283865319
main,lin1,method,Learned-Ctx MPC,pred_rmse_20,5,0.04609630678259198,0.0027123708459881493,0.044136911725321616,0.04831687632473758,0.04340050661823932,0.05022344186196651
main,lin1,method,Learned-Ctx MPC,transport_time_s,5,1.797,0.013891004283348295,1.7864399999999996,1.8075599999999998,1.7777999999999998,1.8114
main,lin1,method,Learned-Ctx MPC,spill_rate,5,0.0,0.0,0.0,0.0,0.0,0.0
main,lin1,method,Learned-Ctx MPC,peak_disp,5,0.9287346552345113,0.006929928064076958,0.9234917974454067,0.934237521611258,0.9229495762760369,0.9379607185718585
main,lin1,method,Learned-Ctx MPC,arrive_rate,5,1.0,0.0,1.0,1.0,1.0,1.0
main,lin1,method,Learned-Ctx MPC,penalised_time_s,5,1.797,0.013891004283348295,1.7864399999999996,1.8075599999999998,1.7777999999999998,1.8114
main,lin1,method,Learned-Ctx MPC,solve_ms,5,57.053981582337826,0.8604145120139741,56.388950164175846,57.728977366562255,56.07788144420324,58.15910068446431
main,lin1,baseline,Learned MPC (no context),pred_rmse_1,5,0.020874958785837318,0.0006701174937617665,0.02037827491534318,0.02143666539586324,0.02023517571236402,0.02185696420095811
main,lin1,baseline,Learned MPC (no context),pred_rmse_20,5,0.06609108414365299,0.009883890355852359,0.05736432429294709,0.07303899055991046,0.05030831610821955,0.07669408985961518
main,lin1,baseline,Learned MPC (no context),transport_time_s,5,1.7986799999999998,0.009043892967079954,1.7906399999999998,1.8041999999999998,1.7832,1.8059999999999996
main,lin1,baseline,Learned MPC (no context),spill_rate,5,0.004,0.00894427190999916,0.0,0.012,0.0,0.02
main,lin1,baseline,Learned MPC (no context),peak_disp,5,0.9332655533128686,0.010410564228101429,0.925577685800383,0.9412825950892414,0.9234153447979458,0.9471701874060996
main,lin1,baseline,Learned MPC (no context),arrive_rate,5,1.0,0.0,1.0,1.0,1.0,1.0
main,lin1,baseline,Learned MPC (no context),penalised_time_s,5,1.8046799999999998,0.01623551662251624,1.7918399999999999,1.8187199999999997,1.7832,1.8288
main,lin1,baseline,Learned MPC (no context),solve_ms,5,56.279476303607225,0.37405197109295385,56.00314676295966,56.59004237989641,55.95621855358001,56.788319338705726
main,lin1,baseline,Pendulum MPC,pred_rmse_1,5,0.03145704722470658,0.000630674456547203,0.030951384848107645,0.03190638775799439,0.030489090736384686,0.03208465507822838
main,lin1,baseline,Pendulum MPC,pred_rmse_20,5,0.032791394275604034,0.0004451452145110058,0.032446914844918094,0.033135873706289974,0.03231598873961799,0.0333259544258206
main,lin1,baseline,Pendulum MPC,transport_time_s,5,1.8059999999999996,0.004965883607173944,1.80252,1.8099599999999996,1.8006,1.8137999999999996
main,lin1,baseline,Pendulum MPC,spill_rate,5,0.0,0.0,0.0,0.0,0.0,0.0
main,lin1,baseline,Pendulum MPC,peak_disp,5,0.8982624915479182,0.0031963815128325875,0.8954749893014979,0.9002138967220846,0.892800936226456,0.900864039924218
main,lin1,baseline,Pendulum MPC,arrive_rate,5,1.0,0.0,1.0,1.0,1.0,1.0
main,lin1,baseline,Pendulum MPC,penalised_time_s,5,1.8059999999999996,0.004965883607173944,1.80252,1.8099599999999996,1.8006,1.8137999999999996
main,lin1,baseline,Pendulum MPC,solve_ms,5,22.77939780869267,0.056331994430166524,22.734825542535297,22.824186287735674,22.70151100184938,22.858817047778178
main,lin1,baseline,Spring-mass MPC,pred_rmse_1,5,0.03148622525345591,0.0006285413079090119,0.030974840110824547,0.031923713740753354,0.030515240709568372,0.032101644595541184
main,lin1,baseline,Spring-mass MPC,pred_rmse_20,5,0.03240083655325794,0.0005444094814927228,0.0319950128318779,0.03284520533614429,0.0319141869948086,0.03319955009464543
main,lin1,baseline,Spring-mass MPC,transport_time_s,5,1.7753999999999999,0.006335613624582901,1.7706,1.7802,1.7682,1.7832
main,lin1,baseline,Spring-mass MPC,spill_rate,5,0.012,0.01788854381999832,0.0,0.028000000000000004,0.0,0.04
main,lin1,baseline,Spring-mass MPC,peak_disp,5,0.943950461428502,0.004609566245596877,0.9402332351259707,0.9474039826507326,0.9372664582289064,0.9480143181865346
main,lin1,baseline,Spring-mass MPC,arrive_rate,5,1.0,0.0,1.0,1.0,1.0,1.0
main,lin1,baseline,Spring-mass MPC,penalised_time_s,5,1.79364,0.02879562466764686,1.7721600000000002,1.8175199999999996,1.7682,1.8341999999999996
main,lin1,baseline,Spring-mass MPC,solve_ms,5,9.696100411978973,0.06412733152525983,9.641906289510768,9.742960653648797,9.600701099473305,9.770057645668698
main,lin1,baseline,Two-mode spring-mass MPC,pred_rmse_1,5,0.03161671163303322,0.0006236622346760138,0.031121327844090142,0.032061611574707306,0.030685498754864832,0.03224745817469789
main,lin1,baseline,Two-mode spring-mass MPC,pred_rmse_20,5,0.03245162022968145,0.0006707638812325928,0.03200594544583264,0.033009936973886975,0.03177615243872819,0.03353104343575681
main,lin1,baseline,Two-mode spring-mass MPC,transport_time_s,5,1.7769599999999997,0.0048299068313994754,1.77324,1.7806799999999996,1.7699999999999998,1.7825999999999995
main,lin1,baseline,Two-mode spring-mass MPC,spill_rate,5,0.016,0.008944271909999158,0.008,0.02,0.0,0.02
main,lin1,baseline,Two-mode spring-mass MPC,peak_disp,5,0.9439432636458918,0.0015238141242749045,0.9430098009625165,0.9452829654662533,0.9427535650407158,0.9465315628037532
main,lin1,baseline,Two-mode spring-mass MPC,arrive_rate,5,1.0,0.0,1.0,1.0,1.0,1.0
main,lin1,baseline,Two-mode spring-mass MPC,penalised_time_s,5,1.8008399999999998,0.0141388825583919,1.7885999999999995,1.8094799999999995,1.7765999999999997,1.8125999999999995
main,lin1,baseline,Two-mode spring-mass MPC,solve_ms,5,10.798948615239087,0.0769937672293641,10.729945712638171,10.84735015830533,10.669836661228063,10.869634838309139
main,lin1,baseline,ZV input shaping,transport_time_s,5,1.6500000000000004,0.0,1.6500000000000004,1.6500000000000004,1.6500000000000004,1.6500000000000004
main,lin1,baseline,ZV input shaping,spill_rate,5,0.0,0.0,0.0,0.0,0.0,0.0
main,lin1,baseline,ZV input shaping,peak_disp,5,0.9492339471487942,7.360711948870432e-05,0.9491742046806738,0.9492879032122568,0.9491234930574127,0.9493017791867311
main,lin1,baseline,ZV input shaping,arrive_rate,5,1.0,0.0,1.0,1.0,1.0,1.0
main,lin1,baseline,ZV input shaping,penalised_time_s,5,1.6500000000000004,0.0,1.6500000000000004,1.6500000000000004,1.6500000000000004,1.6500000000000004
main,lin1,baseline,ZV input shaping,solve_ms,5,0.006355412135070021,0.00011586875976236397,0.006266933950510892,0.006443922164511273,0.006222773597321727,0.00649279999462041
main,push,method,Learned-Ctx MPC,pred_rmse_1,5,0.029882224123804885,0.0011823015117262438,0.02885778194892702,0.030740136370920206,0.0281379610111926,0.031117677588780004
main,push,method,Learned-Ctx MPC,pred_rmse_20,5,0.06335680805737176,0.003682146295890262,0.060633148087136136,0.06608046802760739,0.059499687379801464,0.06822422060026612
main,push,method,Learned-Ctx MPC,transport_time_s,5,2.0124000000000004,0.00650384501660361,2.00736,2.0172,2.0034,2.0196
main,push,method,Learned-Ctx MPC,spill_rate,5,0.024,0.01673320053068151,0.012,0.036000000000000004,0.0,0.04
main,push,method,Learned-Ctx MPC,peak_disp,5,0.9032818891814702,0.008197451986655025,0.895986197596289,0.9087209079848184,0.8898610902029982,0.9093037803905727
main,push,method,Learned-Ctx MPC,arrive_rate,5,1.0,0.0,1.0,1.0,1.0,1.0
main,push,method,Learned-Ctx MPC,penalised_time_s,5,2.04216,0.02557436216213412,2.02128,2.0605199999999995,2.0034,2.0682
main,push,method,Learned-Ctx MPC,solve_ms,5,57.43357558946379,0.7859243028425875,56.799204227599226,58.00802953096784,56.25106703003191,58.173964007503606
main,push,baseline,Learned MPC (no context),pred_rmse_1,5,0.03411394431440594,0.0014255444628059632,0.032840679920159675,0.0349346243117522,0.03162039699914767,0.03503466791442962
main,push,baseline,Learned MPC (no context),pred_rmse_20,5,0.0919579871139097,0.0034565483513025333,0.08938427909973364,0.09477485872078273,0.08766949991113801,0.09641167190919897
main,push,baseline,Learned MPC (no context),transport_time_s,5,2.00196,0.022620079575456746,1.9846800000000002,2.0194799999999997,1.9746000000000001,2.0292
main,push,baseline,Learned MPC (no context),spill_rate,5,0.027999999999999997,0.033466401061363026,0.004,0.05600000000000001,0.0,0.08
main,push,baseline,Learned MPC (no context),peak_disp,5,0.9179113674716571,0.016968306145305864,0.9047402248084675,0.931082510134847,0.896409617878694,0.9352211214464754
main,push,baseline,Learned MPC (no context),arrive_rate,5,1.0,0.0,1.0,1.0,1.0,1.0
main,push,baseline,Learned MPC (no context),penalised_time_s,5,2.0366400000000002,0.04085643156223994,2.0050800000000004,2.0682,1.989,2.073
main,push,baseline,Learned MPC (no context),solve_ms,5,56.716662277255885,0.6748058499511158,56.19111541425809,57.24220914025368,56.019719718659125,57.574385237372056
main,push,baseline,Pendulum MPC,pred_rmse_1,5,0.06561256779060542,0.0020944729595409653,0.06384075308596229,0.06714707511368599,0.06284174198501795,0.06798604615456913
main,push,baseline,Pendulum MPC,pred_rmse_20,5,0.13540302068569882,0.004985810918353245,0.131646203113245,0.1390937899389098,0.1291465813334506,0.14226964684388124
main,push,baseline,Pendulum MPC,transport_time_s,5,2.1834,0.013813037319865686,2.1752399999999996,2.19564,2.1737999999999995,2.2074
main,push,baseline,Pendulum MPC,spill_rate,5,0.0,0.0,0.0,0.0,0.0,0.0
main,push,baseline,Pendulum MPC,peak_disp,5,0.8130663827452655,0.01339699946918412,0.8024392811077424,0.82327985017351,0.7946783770747115,0.82490769302915
main,push,baseline,Pendulum MPC,arrive_rate,5,1.0,0.0,1.0,1.0,1.0,1.0
main,push,baseline,Pendulum MPC,penalised_time_s,5,2.1834,0.013813037319865686,2.1752399999999996,2.19564,2.1737999999999995,2.2074
main,push,baseline,Pendulum MPC,solve_ms,5,22.779755824118514,0.08043069645189646,22.722119030500338,22.8431262075901,22.681804548483342,22.896388645114545
main,push,baseline,Spring-mass MPC,pred_rmse_1,5,0.06571823203682682,0.002096480190976388,0.06395252233989172,0.06726180158088194,0.0629447693681853,0.0680821881829025
main,push,baseline,Spring-mass MPC,pred_rmse_20,5,0.13611114654851514,0.005066796696730252,0.13225908244353454,0.1398553376962312,0.12975278609301005,0.14306031998475563
main,push,baseline,Spring-mass MPC,transport_time_s,5,2.08824,0.032032920566192356,2.0664000000000002,2.1167999999999996,2.0646,2.1384
main,push,baseline,Spring-mass MPC,spill_rate,5,0.07200000000000001,0.07563068160475615,0.024,0.13999999999999999,0.0,0.2
main,push,baseline,Spring-mass MPC,peak_disp,5,0.9384045338727137,0.012975697909830634,0.9295897009711753,0.9492932470384963,0.9268312152554847,0.9596704587010197
main,push,baseline,Spring-mass MPC,arrive_rate,5,1.0,0.0,1.0,1.0,1.0,1.0
main,push,baseline,Spring-mass MPC,penalised_time_s,5,2.1661200000000003,0.09906852174126744,2.09784,2.2474800000000004,2.0670000000000006,2.322
main,push,baseline,Spring-mass MPC,solve_ms,5,9.642361484425649,0.04370885414358562,9.616170889824968,9.681843975347213,9.607356426898729,9.71788822313432
main,push,baseline,Two-mode spring-mass MPC,pred_rmse_1,5,0.060478549213868915,0.0025913814712814624,0.05838688919624683,0.06240408850871344,0.057287075445340604,0.06308495402652427
main,push,baseline,Two-mode spring-mass MPC,pred_rmse_20,5,0.09424736385156288,0.0072753652679476985,0.08908794696814629,0.10013216319829374,0.08662310360007741,0.10578996674347067
main,push,baseline,Two-mode spring-mass MPC,transport_time_s,5,1.9813200000000002,0.010369763738870812,1.9750800000000002,1.99068,1.9734000000000003,1.9992
main,push,baseline,Two-mode spring-mass MPC,spill_rate,5,0.055999999999999994,0.026076809620810593,0.036,0.076,0.02,0.08
main,push,baseline,Two-mode spring-mass MPC,peak_disp,5,0.9223722184848878,0.004644399992325191,0.9187651241032692,0.9259764695609377,0.9167792575565764,0.9287981666526909
main,push,baseline,Two-mode spring-mass MPC,arrive_rate,5,1.0,0.0,1.0,1.0,1.0,1.0
main,push,baseline,Two-mode spring-mass MPC,penalised_time_s,5,2.05392,0.03590337031533389,2.0244,2.0800799999999997,2.0028,2.0856
main,push,baseline,Two-mode spring-mass MPC,solve_ms,5,10.764829406557098,0.08976688375717275,10.694791931150988,10.836600984065708,10.670803041747687,10.85468561028723
main,push,baseline,ZV input shaping,transport_time_s,5,1.89,0.0,1.89,1.89,1.89,1.89
main,push,baseline,ZV input shaping,spill_rate,5,0.9879999999999999,0.017888543819998333,0.9719999999999999,1.0,0.96,1.0
main,push,baseline,ZV input shaping,peak_disp,5,1.090411628592118,0.007633731909317406,1.0835895692047925,1.0957989009925415,1.0789146160563012,1.0979309072061414
main,push,baseline,ZV input shaping,arrive_rate,5,1.0,0.0,1.0,1.0,1.0,1.0
main,push,baseline,ZV input shaping,penalised_time_s,5,3.283080000000001,0.025222846786197805,3.2605200000000005,3.3000000000000007,3.2436000000000003,3.3000000000000007
main,push,baseline,ZV input shaping,solve_ms,5,0.006390116600827738,0.00040218139406526587,0.006157685790888288,0.006757706446065144,0.006082547108896754,0.007095445074479689
